{"filesMd5":[{"page":"/config/index.js","md5":"23f5276fe21bb43821fe0568548e7aea"},{"page":"/mediator/index.js","md5":"7010a3725dc3a11155b6f5995db068c1"},{"page":"/pages/hello.js","md5":"6f33d600f5cd17f9fa9e7efd083b02e9"},{"page":"/pages/index.js","md5":"9701bbcc1bf29a0b07370c6f1bc3a9ed"},{"page":"/assets/demo.jpg","md5":"332c4e7d5398207c1b49750369a72848"}],"android":"1.0.0","iOS":"1.0.0","appName":"ryim","jsVersion":"388b3f9405cd84eea94878816e24c873","timestamp":1530672774056,"jsPath":"https://app.weex-eros.com/source"}
