{"filesMd5":[{"page":"/config/index.js","md5":"d8c11f83b88148c43534a1d644b164f7"},{"page":"/mediator/index.js","md5":"2dd1e8b64b7afca0a0836059eaf2da86"},{"page":"/pages/hello.js","md5":"70b9e2544b880b0ea5a886e30f9025af"},{"page":"/pages/index.js","md5":"c557f26baa235bd06a4f3c57d08082fa"},{"page":"/assets/demo.jpg","md5":"332c4e7d5398207c1b49750369a72848"}],"android":"1.0.0","iOS":"1.0.0","appName":"ryim","jsVersion":"8d07590a31c7320ff77300aa2e299d01","timestamp":1531276527778,"jsPath":"https://app.weex-eros.com/source"}
