{"filesMd5":[{"page":"/config/index.js","md5":"d8c11f83b88148c43534a1d644b164f7"},{"page":"/mediator/index.js","md5":"2dd1e8b64b7afca0a0836059eaf2da86"},{"page":"/pages/hello.js","md5":"4553dace9c2b33145b2fa4e23fee4488"},{"page":"/pages/index.js","md5":"6dc64f8a5db6003854f755b6d75bb4e2"},{"page":"/assets/demo.jpg","md5":"332c4e7d5398207c1b49750369a72848"}],"android":"1.0.0","iOS":"1.0.0","appName":"ryim","jsVersion":"3b9a3e83528bf331094ac23c78b03194","timestamp":1530695924688,"jsPath":"https://app.weex-eros.com/source"}
