{"filesMd5":[{"page":"/config/index.js","md5":"d8c11f83b88148c43534a1d644b164f7"},{"page":"/mediator/index.js","md5":"2dd1e8b64b7afca0a0836059eaf2da86"},{"page":"/pages/hello.js","md5":"712abb5a6a65c74fda5920267554edcb"},{"page":"/pages/index.js","md5":"c557f26baa235bd06a4f3c57d08082fa"},{"page":"/assets/demo.jpg","md5":"332c4e7d5398207c1b49750369a72848"}],"android":"1.0.0","iOS":"1.0.0","appName":"ryim","jsVersion":"b6cb5106277871e2d2c0c1c429e79955","timestamp":1530865342662,"jsPath":"https://app.weex-eros.com/source"}
